"cityName","hasmunicipality"
"칀RHUS N",751
"ULFBORG",661
"EJBY",410
"VIBORG",791
"JUELSMINDE",766
"ESBJERG N",561
"S칝BY",813
"SILKEBORG",740
"HILLER칮D",219
"F친RVANG",740
"RINGE",430
"VIDEB칝K",760
"STENL칮SE",240
"BINDSLEV",860
"GIVE",630
"BRYRUP",740
"HELSINGE",270
"LEMVIG",665
"칀RHUS C",751
"ASPERUP",410
"GR친STEN",540
"SORRING",710
"VEMB",665
"SPJALD",0
"T칮RRING",766
"HARNDRUP",410
"HORSENS",615
"HOLB칝K",316
"ODENSE S",461
"R칮DEKRO",580
"ERSLEV",773
"DRAG칮R",155
"HORNB칝K",217
"THYHOLM",671
"TAASTRUP",169
"AARUP",420
"S칮NDERS칮",480
"SKALS",791
"ESBJERG",561
"R칮DK칝RSBRO",0
"M칮RK칮V",316
"B칝KMARKSBRO",665
"VINDERUP",661
"N칝STVED",370
"GRAM",510
"SM칮RUM",240
"ALLINGE",400
"SKIVE",779
"ASKEBY",390
"FREDERICIA",607
"KARISE",320
"T친STRUP",0
"SK칝LSK칮R",330
"VEJLE",766
"N칮RRE ALSLEV",376
"칒STER ULSLEV",376
"L칁S칒",825
"L칝S칮",825
"GREVINGE",306
"BJERRINGBRO",791
"TJELE",791
"FARS칒",820
"FARS칮",820
"HAVNDAL",730
"KARUP J",791
"KIRKE HYLLINGE",350
"B칒VLINGBJERG",665
"B칮VLINGBJERG",665
"SOR칒",340
"SOR칮",340
"N칁STVED",370
"BOGENSE",480
"L칒GSTRUP",791
"L칮GSTRUP",791
"THEM",740
"THISTED",787
"H칒RVE",306
"H칮RVE",306
"ALLING칀BRO",707
"ALLING친BRO",707
"T칮NDER",550
"T칒NDER",550
"MARIBO",376
"NIBE",851
"RINGK칒BING",760
"RINGK칮BING",760
"ROSKILDE",253
"",NA
"ESBJERG V",561
"AABYBRO",849
"SOMMERSTED",510
"ROSLEV",779
"KARBY",773
"REGSTRUP",316
"칒LSTED",260
"RINGSTED",329
"KNEBEL",706
"MARSTAL",492
"R칒DEKRO",580
"STOHOLM JYLL",791
"SYDALS",540
"HALS",851
"FLEMMING",766
"FAKSE",320
"RANDERS",730
"LEJRE",350
"KJELLERUP",740
"HJALLERUP",810
"MIDDELFART",410
"RUDK칮BING",482
"RUDK칒BING",482
"ODENSE N",461
"ST칮VRING",840
"ST칒VRING",840
"BL친VAND",573
"BL칀VAND",573
"STEGE",390
"칒LGOD",573
"SKANDERBORG",746
"칒STERVR칀",813
"칒STERVR친",813
"칒STER VR친",813
"NYK칒BING M",773
"NYK칮BING M",773
"AGERSKOV",510
"T칒RRING",766
"HOBRO",846
"R칒NNE",400
"R칮NNE",400
"RUDS VEDBY",326
"M칒RKE",706
"M칮RKE",706
"HOLSTEBRO",661
"STORE HEDDINGE",336
"L칒GUMKLOSTER",550
"L칮GUMKLOSTER",550
"VEMMELEV",330
"SKAGEN",813
"H칀RLEV",336
"H친RLEV",336
"L칒SNING",766
"L칮SNING",766
"SP칒TTRUP",779
"SP칮TTRUP",779
"SK칁VINGE",219
"SK칝VINGE",219
"TRUSTRUP",707
"KALUNDBORG",326
"BEDSTED THY",787
"SNEDSTED",787
"FR칒STRUP",787
"VESL칮S",787
"SK칝RB칝K",550
"STENLILLE",340
"AUGUSTENBORG",540
"칒STER ASSELS",773
"BROAGER",540
"REDSTED M",773
"KOLIND",706
"GRENAA",707
"ESKEBJERG",326
"ODENSE SV",461
"BREDSTEN",630
"ODDER",727
"SK칁RB칁K",550
"SK칁LSK칒R",330
"DRONNINGLUND",810
"GISLINGE",316
"HVALS칒",350
"HVALS칮",350
"SPENTRUP",730
"NYK칒BING F",376
"NYK칮BING F",376
"JERSLEV SJ칁LLAND",326
"JERSLEV SJ칝LLAND",326
"M칒LDRUP",791
"M칮LDRUP",791
"B칁KMARKSBRO",665
"R칒NNEDE",320
"R칮NNEDE",320
"R칒DDING",575
"R칮DDING",575
"N칮RAGER",840
"N칒RAGER",840
"GRINDSTED",530
"LYNGE",201
"VIBY SJ칁LLAND",265
"VIBY SJ칝LLAND",265
"JYSTRUP MIDTSJ",329
"VAMDRUP",621
"STENL칒SE",240
"HADERSLEV",510
"TOMMERUP",420
"SAKSK칒BING",376
"SAKSK칮BING",376
"HEJNSVIG",530
"VILS",773
"S칒NDERBORG",540
"S칮NDERBORG",540
"VIDEB칁K",760
"TUREBY",320
"TRANEK칁R",482
"TRANEK칝R",482
"NIMTOFTE",706
"KOLDING",621
"HOLB칁K",316
"BROVST",849
"GJERLEV J",730
"RY",746
"HADSTEN",710
"RIBE",561
"HADSUND",846
"ODENSE N칒",461
"S칁BY",813
"HEMMET",760
"GADBJERG",630
"EGTVED",630
"FJERRITSLEV",849
"K칒GE",336
"K칮GE",336
"HJ칒RRING",860
"HJ칮RRING",860
"칀RRE",573
"SLAGELSE",330
"ODENSE S칒",461
"ANSAGER",573
"VEKS칒 SJ칁LLAND",240
"VEKS칮 SJ칝LLAND",240
"TISVILDELEJE",270
"JYDERUP",316
"ULSTRUP",710
"VESL칒S",787
"BR칒RUP",575
"BR칮RUP",575
"ASSENS",420
"STAKROGE",657
"칒RB칁K",450
"칒RB칝K",450
"HOLSTED",575
"FARUM",240
"KASTRUP",185
"STORVORDE",851
"HASLEV",320
"SLANGERUP",240
"GISLEV",430
"LUNDERSKOV",621
"BR칒NDERSLEV",810
"BR칮NDERSLEV",810
"V칁RL칒SE",190
"V칝RL칮SE",190
"HINNERUP",710
"SINDAL",860
"VEJEN",575
"FR칒RUP",450
"FR칮RUP",450
"BJ칁VERSKOV",259
"BJ칝VERSKOV",259
"GUDBJERG SYDFYN",479
"ESBJERG 칒",561
"N칒RRE ASMINDRUP",306
"N칮RRE ASMINDRUP",306
"EBBERUP",420
"R칒M칒",550
"R칮M칮",550
"SKIBBY",250
"SKJERN",760
"STRUER",671
"LEM ST",760
"M칒RK칒V",316
"GLESBORG",707
"MESINGE",440
"MESINGE FYN",440
"NYSTED",376
"AULUM",657
"AVLUM",657
"SULDRUP",840
"ODENSE S칮",461
"GEDSTED",820
"HERNING",657
"HAARBY",420
"NORDBORG",540
"R칒DVIG STEVNS",336
"R칮DVIG STEVNS",336
"HAVDRUP",269
"OUTRUP",573
"OVTRUP",573
"ARDEN",846
"GILLELEJE",270
"SVENSTRUP J",851
"VONGE",630
"H칮JSLEV",779
"H칒JSLEV",779
"G칒RDING",561
"G칮RDING",561
"BROBY",430
"LINTRUP",575
"OTTERUP",480
"GLEJBJERG",575
"HJORTSH칒J",751
"HJORTSH칮J",751
"FAABORG",430
"BRAMMING",561
"SVENDBORG",479
"KIB칁K",657
"KIB칝K",657
"VARDE",573
"TARM",760
"FREDENSBORG",210
"SAMS칒",741
"SAMS칮",741
"SANDVED",370
"MARIAGER",846
"AABENRAA",580
"R칮NDE",706
"R칒NDE",706
"S칮NDER OMME",530
"HOVBORG",575
"SK칮DSTRUP",751
"HUMBLE",482
"AAKIRKEBY",400
"B칒RKOP",630
"B칮RKOP",630
"칒STBIRK",615
"AALESTRUP",820
"KERTEMINDE",440
"HORSLUNDE",360
"BYLDERUP-BOV",580
"JANDERUP VESTJ",573
"칒RUM DJURS",707
"FREDERIKSHAVN",860
"칒STERMARIE",400
"N칒RRE SNEDE",756
"N칮RRE SNEDE",756
"TOFTLUND",550
"GLAMSBJERG",420
"EBELTOFT",706
"STORE MERL칒SE",316
"STORE MERL칮SE",316
"SUNDS",657
"BEVTOFT",510
"GREDSTEDBRO",561
"T칒LL칒SE",316
"T칮LL칮SE",316
"STUBBEK칮BING",376
"STUBBEK칒BING",376
"VR칀",860
"VR친",860
"ULDUM",766
"GULDBORG",376
"VORDINGBORG",390
"N칒RRE ALSLEV",376
"ULLERSLEV",450
"칒RSTED",707
"SABRO",710
"LANGESKOV",440
"DALMOSE",330
"HERLUFMAGLE",370
"AARS",820
"BR칁DSTRUP",615
"BR칝DSTRUP",615
"TISTRUP",573
"BREDEBRO",550
"LUNDBY",370
"HEDENSTED",766
"KV칁RNDRUP",430
"KV칝RNDRUP",430
"JERSLEV J",810
"TIM",760
"PR칁ST칒",390
"PR칝ST칮",390
"VISSENBJERG",420
"HAMPEN",740
"GANDRUP",851
"S칒RVAD",657
"S칮RVAD",657
"NYBORG",450
"VOJENS",510
"S칒NDERS칒",480
"CHRISTIANSFELD",621
"L칮GST칮R",820
"L칒GST칒R",820
"HILLER칒D",219
"HIRTSHALS",860
"VIG",306
"F칮VLING",575
"F칒VLING",575
"SM칒RUM",240
"GELSTED",410
"ODENSE NV",461
"VORBASSE",530
"G칮RLEV",326
"G칒RLEV",326
"S칒NDER OMME",530
"F칀RUP",846
"F친RUP",846
"HORBELEV",376
"KIRKE ESKILSTRUP",316
"GALTEN",746
"KLIPPINGE",336
"HAMMEL",710
"VIPPER칮D",316
"VIPPER칒D",316
"H칮NG",326
"H칒NG",326
"TINGLEV",580
"CHARLOTTENLUND",157
"PADBORG",580
"GESTEN",575
"J칁GERSPRIS",250
"J칝GERSPRIS",250
"JELLING",630
"H칒RSHOLM",230
"H칮RSHOLM",230
"RYOMG칀RD",706
"RYOMG친RD",706
"BOESLUNDE",330
"SNERTINGE",326
"SK칮RPING",840
"SK칒RPING",840
"GR칝STED",270
"GR칁STED",270
"N칒RRE AABY",410
"N칮RRE AABY",410
"NYK칮BING MORS",773
"EJSTRUPHOLM",756
"STOUBY",766
"ESKILSTRUP",376
"칁R칒SK칒BING",492
"칁R칮SK칮BING",492
"FEJ칒",360
"FEJ칮",360
"STOHOLM JYLL.",791
"KVISTG칀RD",217
"KVISTG친RD",217
"H칒JER",550
"H칮JER",550
"TYLSTRUP",810
"TOREBY L",376
"GADSTRUP",265
"BRENDERUP FYN",410
"SK칒DSTRUP",751
"TAPPERN칒JE",370
"TAPPERN칮JE",370
"H칒RNING",746
"H칮RNING",746
"L칒KKEN",860
"L칮KKEN",860
"HUNDESTED",260
"VILDBJERG",657
"FR칮STRUP",787
"BAGENKOP",482
"TIK칒B",217
"TIK칮B",217
"VODSKOV",851
"BRANDE",756
"MILLINGE",430
"DANNEMARE",360
"BREDEBO",550
"PANDRUP",849
"JORDRUP",621
"S칒BY 칁R칒",492
"S칮BY 칁R칮",492
"KORS칒R",330
"KORS칮R",330
"R칒DK칁RSBRO",791
"S칮NDER FELDING",657
"S칒NDER FELDING",657
"KARREB칁KSMINDE",370
"KARREB칝KSMINDE",370
"HURUP THY",787
"RASK M칒LLE",766
"RASK M칮LLE",766
"SVINNINGE",316
"KOKKEDAL",210
"BALLERUP",151
"HARLEV J",751
"HELSING칒R",217
"HELSING칮R",217
"K칒BENHAVN 칒",101
"K칮BENHAVN 칒",101
"K칮BENHAVN K",101
"K칒BENHAVN K",101
"K칒BENHAVN S",101
"K칮BENHAVN S",101
"TILST",751
"MUNDELSTRUP",751
"SK칀RUP FYN",479
"TRIGE",751
"FAN칮",563
"FAN칒",563
"ASAA",810
"STORE FUGLEDE",326
"KETTINGE",376
"VADUM",849
"SK친RUP FYN",479
"DYBVAD",813
"ANS BY",740
"RANDB칒L",630
"RANDB칮L",630
"GLOSTRUP",161
"NEKS칮",400
"NEX칒",400
"T칀RS",860
"T친RS",860
"LILLE SKENSVED",259
"S칒NDER STENDERUP",621
"S칮NDER STENDERUP",621
"EG칀",751
"EG친",751
"BILLUND",530
"BLOMMENSLYST",461
"VESTER SKERNINGE",479
"OURE",479
"SJ칒LUND",621
"SJ칮LUND",621
"BRANDERUP J",550
"STORKUNDE, K칮BENHAVN V",101
"BALLE",707
"KRUS칀",580
"KRUS친",580
"VESTERBORG",360
"R칒DBY",360
"R칮DBY",360
"G칒RL칒SE",219
"G칮RL칮SE",219
"HORNSLET",706
"B칁KKE",575
"B칝KKE",575
"HADERUP",657
"FUGLEBJERG",370
"KLEMENSKER",400
"IKAST",756
"ENGESVANG",756
"B칝LUM",840
"B칁LUM",840
"AUNING",707
"SVANEKE",400
"KARLSLUNDE",253
"NEX칮",400
"GLUMS칒",370
"GLUMS칮",370
"UGERL칮SE",316
"UGERL칒SE",316
"GUDHJEM",400
"THORS칒",710
"THORS칮",710
"HOLMEGAARD",370
"SPORUP",710
"STENDERUP",766
"BORRE",390
"HANSTHOLM",787
"N칒RRESUNDBY",851
"N칮RRESUNDBY",851
"KALVEHAVE",390
"V칁GGERL칒SE",376
"V칝GGERL칮SE",376
"KONGERSLEV",851
"TERNDRUP",840
"HUNDSLUND",727
"LANG칀",730
"LANG친",730
"BANDHOLM",360
"칀LB칁K",813
"칀LB칝K",813
"KLOVBORG",756
"칀LSG칀RDE",217
"칀LSG친RDE",217
"AALBORG",851
"BORDING",756
"BOLDERSLEV",580
"SALTUM",849
"HOLTE",230
"H칒JBY",306
"H칮JBY",306
"HESSELAGER",479
"FREDERIKSV칁RK",260
"FREDERIKSV칝RK",260
"SOLR칒D STRAND",269
"SOLR칮D STRAND",269
"FREDERIKSSUND",219
"AGERB칝K",573
"AGERB칁K",573
"MORUD",480
"칀RSLEV",430
"LISELEJE",260
"DRAG칒R",155
"LEMMING",740
"VIBY J",751
"STOKKEMARKE",360
"HOVEDG친RD",615
"HOVEDG칀RD",615
"THYBOR칒N",665
"THYBOR칮N",665
"LANGEB칁K",390
"LANGEB칝K",390
"RYSLINGE",430
"칀RHUS V",751
"BJERT",621
"FERRITSLEV FYN",430
"TJ칁REBORG",561
"TJ칝REBORG",561
"LYSTRUP",751
"BR칮NSH칮J",101
"BR칒NSH칒J",101
"VEDB칝K",230
"VEDB칁K",230
"GREVE",253
"SULSTED",851
"GISTRUP",851
"NAKSKOV",360
"칒LSTYKKE",240
"SJ칝LLANDS ODDE",306
"SJ칁LLANDS ODDE",306
"F칀REVEJLE",306
"F친REVEJLE",306
"BORUP",329
"SEJER칒",326
"SEJER칮",326
"ASN칝S",306
"ASN칁S",306
"DIANALUND",340
"HORNSYLD",766
"DALBY",440
"STENSTRUP",479
"NYK칮BING SJ",306
"NYK칒BING SJ",306
"ODENSE V",461
"F칀RVANG",740
"FUR",779
"FREDERIKSBERG",147
"SOLBJERG",751
"HERLEV",163
"BARRIT",766
"RANUM",820
"KIRKE S친BY",350
"KIRKE S칀BY",350
"HOLEBY",360
"칒RNH칒J",657
"HASLE",400
"VESTERVIG",787
"칒RNH칮J",657
"HEDEHUSENE",169
"NYK칮BING SJ.",306
"ALLER칒D",201
"ALLER칮D",201
"N칒RREBALLE",360
"N칮RREBALLE",360
"TORRIG L",360
"BILLUM",573
"ERRINDLEV",360
"HARPELUNDE",360
"STR칮BY",336
"STR칒BY",336
"SKAMBY",480
"HENNE",573
"R칒DOVRE",175
"R칮DOVRE",175
"GJERN",740
"GEDVED",615
"MALLING",751
"MERN",390
"AGEDRUP",461
"N칮RRE NEBEL",573
"N칒RRE NEBEL",573
"HVIDE SANDE",760
"SVEB칮LLE",326
"SVEB칒LLE",326
"F칒LLENSLEV",326
"F칮LLENSLEV",326
"S칮LLESTED",360
"S칒LLESTED",360
"KOLDING, DANMARK",621
"RUDE",330
"MUNKE BJERGBY",330
"VANDEL",630
"VEFLINGE",480
"FJENNESLEV",340
"VEJBY",270
"HOLME-OLSTRUP",370
"HORNB칁K",217
"HJERM",671
"AALBORG 칒ST",851
"HERF칒LGE",259
"HERF칮LGE",259
"GUDME",479
"IDESTRUP",376
"VESTBJERG",851
"ODENSE N칮",461
"RISSKOV",751
"ODENSE C",461
"GEDSER",376
"DAUG칀RD",766
"DAUG친RD",766
"HELLERUP",157
"MUNKEBO",440
"AALBORG SV",851
"GR칀STEN",540
"MARSLEV",440
"ALMIND",621
"MARTOFTE",440
"VEJSTRUP",479
"KLARUP",851
"HEJLS",621
"STRANDBY",813
"칀RHUS C (POSTBOKS)",751
"VIUF",621
"VEJLE 칒ST",630
"HUMLEB칁K",210
"HUMLEB칝K",210
"VIBORG, DANMARK",740
"BEDER",751
"RYNKEBY",440
"HARBO칒RE",665
"HARBO칮RE",665
"AALBORG (POSTBOKS)",851
"FAKSE LADEPLADS",320
"M칀RSLET",751
"M친RSLET",751
"HASSELAGER",751
"BRABRAND",751
"LYNGBY",159
"KGS.LYNGBY",159
"ISH칒J",183
"ISH칮J",183
"K칒BENHAVN V",101
"AALBORG 칒",851
"TRANBJERG J",751
"H칒JBJERG",751
"H칮JBJERG",751
"BR칮NDBY",153
"HVIDOVRE",167
"SKODSBORG",230
"VIRUM",173
"VALBY",101
"BIRKER칮D",230
"BIRKER칒D",230
"OKSB칒L",573
"OKSB칮L",573
"S칒BORG",159
"S칮BORG",159
"JERUP",813
"BR칒NDBY",153
"R칒RVIG",306
"R칮RVIG",306
"ESPERG칁RDE",217
"ESPERG칝RDE",217
"K칒BENHAVNS R칀DHUS,",101
"BIRKER칮D, DANMARK",201
"MELBY",260
"칀LBORG 칒ST",851
"ALBERTSLUND",165
"K칒BENHAVN SV",101
"K칮BENHAVN SV",101
"FREDERIKSBERG C",147
"칒RB칝K,",450
"NYRUP",340
"VIDEB칝K DK",760
"L칀SBY",746
"L친SBY",746
"BAGSV칝RD",159
"BAGSV칁RD",159
"BOG칒 BY",390
"BOG칮 BY",390
"FARS?",820
"DRONNINGM칒LLE",270
"DRONNINGM칮LLE",270
"STENSVED",390
"ODENSE M",461
"ODENSE C (POSTBOKS",461
"K칮BENHAVN V",101
"TRIGE DK",751
"SNEKKERSTEN",217
"PR칝ST칮,",390
"AALBORG S칒",851
"AALBORG S칮",851
"N칁RUM",230
"N칝RUM",230
"KLAMPENBORG",157
"HELLEB칁K",217
"HELLEB칝K",217
"FARUM, DANMARK",190
"AARUP, DANMARK",420
"GREN친",707
"JYLLINGE",265
"MUNKE-BJERGBY",340
"EGERNSUND",540
"ODENSE S칒 DK",461
"칀BYH칒J",751
"칀BYH칮J",751
"KREDITFORENINGEN D",101
"K칒BENHAVN N",101
"K칮BENHAVN N",101
"NYK칒BING F.",376
"SKELSK칮R",330
"K칮BENHAVN",101
"AARHUS C",751
"AGUR",101
"K칮BENHAVN C",101
"DYSSEG친RD",157
"DYSSEG칀RD",157
"VALLENSB칁K",187
"HINNERUP DK",710
"M칮RK칮V,",316
"AB WAGENINGEN NL",561
"ESBJERG (POSTBOKS)",561
"ESJBERG",561
"칀BYBRO",849
"TINGLEV, DANMARK",580
"GENTOFTE",157
"VALLENSB칁K STRAND",187
"VALLENSB칝K STRAND",187
"K칮BENHAVN NV",101
"K칒BENHAVN NV",101
"BR칮RUP, DANMARK",575
"K칮BENHAVN 칒,",101
"K칒BENHAVN V (POSTB",101
"K칮BENHAVN V (POSTBOKS)",101
"F친BORG",430
"칀BENR친",580
"SKOVLUNDE",151
"REDERIET A.P. M칒LL",101
"ESBEJERG",561
"CARSLBERG/DE FOREN",101
"CARSLBERG/DE FOREN. BRYGGERIER",101
"SVINNINGE, DANMARK",316
"SKJERN DK",760
"VANL칮SE",101
"BLOKHUS",849
"RUNGSTED KYST",223
"칒RSTED DK",707
"ANHOLT",707
"L칮SNING DK",766
"SK칝LSK칮R,",330
"VEJERS STRAND",573
"VANL칒SE",101
"칀S NO",101
"REDSTED MORS",773
"VILDBJERG DK",657
"NIV친",210
"BR칒NDBY STRAND",153
"JELLINGE",630
"JELLING DK",630
"NIV칀",210
"11 , HOLLAND",NA
"AARHUS N",751
"STORKUNDE, K칒BENHA",101
"NUUK",NA
"LLAND,                            NL",NA
"94 MEDELBY, TYSKLAND",NA
"24  RODENAES, TYSKLAND",NA
"41 HAMBURG, TYSKLAND",NA
"95 HAMBURG, TYSKLAND",NA
"2 5X2  BRIGHTON, ENGLAND",NA
"27  NEUKIRCHEN, TYSKLAND",NA
"OSLO NO",NA
"STOCKHOLM SE",NA
"0 VENNESLA, NORGE",NA
"PARIS CEDEX 16 FR",NA
"PARIS CEDEX 16, FR",NA
"UUMMANNAQ",NA
"26  WESTRE, TYSKLAND",NA
"INDAL",NA
"BALLING",NA
"02 BERGEN, TYSKLAND",NA
"11 8011 ZWOLLE, HOLLAND",NA
"00 , FRANKRIG",NA
"82 PARIS CEDEX 16",NA
"24 RODENAES, TYSKLAND",NA
"ANKRIG",NA
"NKRIG",NA
"79 HAMBURG, TYSKLAND",NA
"SISIMIUT",NA
"SISIMUT",NA
"OLLAND",NA
"LAND",NA
"61 , HOLLAND",NA
"LLAND",NA
"23 BRADERUP, TYSKLAND",NA
"QAQORTOQ",NA
"RANDERS S칒",NA
"24  EMMELSBUELL, TYSKLAND",NA
"94  JARDELUND, TYSKLAND",NA
"00 AJ ZWOLLE, HOLLAND",NA
"KONGSLEV",0
"FAXE",320
"M친L칮V",151
"SLOCHTEREN",0
"FAXE LADEPLADS",320
"RUUKKI",0
"PARIS",0
"GULMSB칲LL",0
"AVENTOFT",0
"JARDELUND",0
"WAGENINGEN",0
"RODENAES",0
"MALM칮",0
"V칛STRA TORUP",0
"WESTRE",0
"OSTRODA",0
"RHAUDERFEHN",0
"RODEN칛S",0
"KAMPERVEEN",0
"COLOMBO",0
"BRASTAD",0
"NUUSSUAQ",0
"NEUKIRCHEN",0
"HOB칮L",NA
"BERLIN",0
"DUBAI",0
"N칮RRE-SNEDE",756
"H친RBY",420
"칀LESTRUP",820
"PROV DE GRANADA",0
"VIG ST",306
"칒STER-VR친",813
"ARROYO",0
"BYRUM",825
"N칮RRE-ALSLEV",376
"H칮JBY SJ칝LLAND",306
"S칮NDER-OMME",530
"칒STER-ULSLEV",376
"N칮RRE-NEBEL",0
"STRANDBY VENDS.",813
"SUDER LUGUM",0
"NY-SOLBJERG",0
"STORE-HEDDINGE",336
"칀RS",820
"S칮BY 칝R칮",492
"AS친",810
"칀RUP",420
"KIRKE-HYLLINGE",350
"칀LBORG SV",851
"R칮DDING (SDR.JYLL.)",0
"BYLDERUP - BOV",580
"S칮NDER-FELDING",657
"NYK칮BING FL",376
"KIRKE-ESKILSTRUP",316
"HAVNEBY",550
"칒STER-MARIE",400
"STORE-MERL칮SE",0
"G칝RUM",813
"SNEDSTEN",787
"SDR. OMME",530
"칒STER-ASSELS",773
"TRIEGE",751
"N칮RRE-칀BY",410
"KIRKE-S친BY",350
"M칮BORG",665
"HORNE FYN",0
"VESTER-SKERNINGE",479
"VESTER SKERNING",479
"VENNESIA",0
"BALLE P친 DJURSLAND",706
"RY (JYLLAND)",740
"THORS칮1",791
"KONGENS LYNGBY",173
"BORUP P친 SJ칝LLAND",0
"칀KIRKEBY",400
"N칮RE-SNEDE",756
"N칮RB칝K",730
"AS칮",0
"칀RHUS",751
"NR. SNEDE",756
"LANG칮",710
"칀LBORG",851
"K칝RB칮LLING",550
"ESPERG칝DE",217
"NY SOLBJERG",0
"HVIDBJERG",0
"V NEBEL",621
"VEJLE 칒",630
"L칮GST칮",820
"HARBO칮",665
"MJALLERUP",820
"SK칝B칝K",0
"KNOLDG친RD",851
"UDBY",390
"BAGSV칝D",159
"LEM ST.",760
"H친RUP",740
"JYSTRUP MIDTSJ칝LLAND",329
"HINGELBJERG",849
"VINKEL",779
"NEUCHATEL",0
"BYLDERUP BOV",0
"N칮RRE 칀BY",410
"BRAMMINGE",561
"THORSHAVN",0
"NANKAI DIST., TIANJUN",0
"WIESEJTTAL",0
"S칮RSKOG BYGDA",0
"EGENSVANG",740
"JENGUM",0
"OSLO",0
"N칮RE NEBEL",573
"TEXAS",0
"MILLBANK",0
"V칛DD칬",0
"NS DE VALOM",0
"BEEK",0
"MC NEEDE",0
"N칮RE ASMINDRUP",306
"BR?STRUP",615
"TORREVIEJA",0
"HEJNSVING",530
"KIRKE ESKILDSTRUP",316
"HEREFOSS",0
"WEILDE",0
"H M BEDUM",0
"CITTA DI CASTELLO P6",0
"VC NIEUUL WEEKDINGE",0
"LEUTERSHAUSEN",0
"L친NGARYD",0
"HAMBURG",0
"MALUNG",0
"T칮RING",0
"G칮LEV",326
"SK칮PING",840
"BR칮NDBY STRAND",0
"S?Y",0
"SM칮UM",240
"SP?TRUP",779
"BR칮UP",575
"N칮RE SNEDE",756
"FEJ친",360
"R칮VIG",306
"H칮VE",306
"SK칝LSK칮",330
"LUXEMBOURG",0
"THORS친",710
"FAN친",563
"DRAG칮",0
"TIDAHOLM",0
"G칮L칮SE",219
"RANDERS N칒",730
"RANDERS NV",730
"BREDSTED",NA
"661 4 HOUSTON",NA
"VILLESTOFTE",461
"RANDERS SV",730
"RANDERS C",730
"GL칲CKSBURG",NA
"TYSKLAND",NA
"H칮JRUP",510
"EGHOLM",740
"BENALMADENA P.",NA
"TUNE",253
"SVERIGE",NA
"US-14618 NEW YORK",NA
"NG DOKKUM",NA
"VIG ST.",306
"VALLAURIS   FRANKRIG",NA
"BURUNDI",NA
"NYK칮BING",773
"T칮NNING",615
"GULMSBULL",NA
"RUDS-VEDBY",326
"SURREY KT2 7QY  UNITED KINGDOM",NA
"SURREY. GB",NA
"OPPELSTRUP",851
"SVOLDRUP",820
"ALLINGSBRO",707
"칀LBORG S칒",851
"칒RSLEV",430
"BYSTRUP",820
"ESBJERG V.",561
"칒LB칝K",813
"BR칮DSTRUP",615
"LORGUES  FRANCE",NA
"G칮RLEV SJ칝LLAND",326
"SK칝RB췃K",550
"HARBO칮R",665
"STYDING",510
"H친RSLEV",480
"NANKAI DIST.TITANJUN",NA
"RANDERS N칮",730
"LINCOLNSHIRE",NA
"K칬RDORF",NA
"KLANXBULL",NA
"SPRINGDALE",NA
"BJ DIEVER",NA
"S칮BY",492
"SVENBORG",479
"SDR. STENDERUP",621
"SUZHOU",NA
"SEESTER",NA
"DANMARK",161
"BORUP SJ",259
"칁R칮SK칮BING.",492
"RANDERS S V",730
"ZEELAND",NA
"HEILIGENHAFEN",NA
"BRUSSEL",NA
"ZUG",NA
"BREDLUND",740
"UPPSALA",NA
"AERSLEV",430
"ROENDE",706
"AEBYBRO",849
"HOLBAEK",316
"NN",101
"SPOETTRUP",779
"ROEDEKRO",580
"HURUP",787
"SAEBY",813
"BAGSVAERD",159
"KIBAEK",657
"D 25899 GALMSB칲LL",NA
"FAERVANG",740
"VIBY SJAELLAND",259
"SOENDER-OMME",530
"HVALSOE",350
"HILLEROED",219
"NOERRE NEBEL",573
"BAEKKE",575
"HAERUP",740
"KOEBENHAVN S",101
"ROENNE",400
"BORUP SJ.",259
"GRENAE",707
"RANDERS SOE",730
"OERSTED",707
"LANGAE",710
"TRANEKAER",482
"VRAE",860
"KGS. LYNGBY",173
"LOEGSTOER",820
"NOERRE SNEDE",756
"BAEKMARKSBRO",665
"SOLROED STRAND",269
"BRAEDSTRUP",615
"BROENDERSLEV",810
"SVEBOELLE",326
"RANDERS NOE",730
"KOEBENHAVN OE",101
"TORUP",NA
"LA CALA DE MIJAS",NA
"AARHUS V",751
"HOLMEG친RD",370
"VALLENSB칝K",187
"RANDERS S칮",730
"SURREY",NA
"VESTERMARIE",400
"TIRSTRUP",706
"V AABY",430
"SOENDERBORG",540
"HJOERRING",860
"MOEBORG",665
"ROEDDING (SDR.JYLL.)",575
"OELGOD",573
"UGERLOESE",316
"JAEGERSPRIS",250
"SIELHOFD-25927 BEUKIRCHEN",NA
"STOEVRING",840
"OKSBOEL",573
"SKAERBAEK",550
"R춿NNEDE",320
"HUANGSHAN LUDBEILUN DIS. NINGBO, ZHEJIANG PR.",NA
"NOERRESUNDBY",851
"HOEJSLEV",779
"ESBJERG OE",561
"S죑DER FELDING",657
"ROENNEDE",320
"KIRKE SAEBY",350
"KOEBENHAVN N",101
"BALLE PAE DJURSLAND",706
"TOELLOESE",316
"KRUSAE",580
"AERRE",573
"VIDEBAEK",760
"AEROESKOEBING",492
"FREDRIKSHAVN",813
"ALLINGAEBRO",707
"SKOERPING",840
"N춿RRE ALSLEV",376
"NOERRE-SNEDE",756
"KOEBENHAVN V",101
"AGERBAEK",573
"FROERUP",450
"AEBENRAE",580
"THORSOE",791
"VEJLE OE",630
"NOERAGER",840
"SOENDER FELDING",657
"HJRRING",860
"NOERRE-NEBEL",573
"ASAE",810
"BROERUP",575
"SOELLESTED",360
"FAEBORG",430
"H춿JSLEV",779
"OERUM DJURS",707
"AALBORG SOE",851
"MOELDRUP",791
"ROEDVIG STEVNS",336
"MAERSLET",751
"STUBBEKOEBING",376
"SOERVAD",657
"AELEGAERDSMARK",849
"TAPPERN춿JE",370
"BOERKOP",630
"TOERRING",766
"NAESTVED",370
"RUDKOEBING",482
"V. AEBY FAEBORG",430
"OELSTYKKE",240
"TJAEREBORG",561
"VIDEB췃K",760
"FAEREVEJLE ST.",306
"SKAEVINGE",219
"SAKSKOEBING",376
"OERNHOEJ",657
"LOEGUMKLOSTER",550
"RANDBOEL",630
"ROEDBY",360
"KORSOER",330
"JERSLEV SJAELLAND",326
"EGAE",751
"KRAGELUND",813
"AELBORG SOE",851
"BAELUM",840
"GRAESTEN",540
"ROEDDING",575
"STENLOESE",240
"TAPPERNOEJE",370
"SOENDER OMME",530
"STORE MERLOESE",316
"SKAERUP FYN",479
"NYKOEBING F",376
"HOERSHOLM",230
"OERBAEK",450
"KOEBENHAVN K",101
"TOENDER",550
"ALLEROED",201
"AELESTRUP",791
"FAERUP",730
"OESTERVRAE",813
"NORDHAVN",NA
"NYKOEBING SJ",306
"RODSKOV",706
"RINGK쮹ING",760
"OLSKER",400
"GOERDING",561
"RINGKOEBING",760
"HARBOOER",665
"RYOMGAERD",706
"VEDBAEK",230
"KOEGE",336
"MOERKOEV",316
"SJOELUND",621
"LOEGSTRUP",791
"HOUE",665
"SOROE",340
"AERS",820
"칒RUM",810
"L쮾UMKLOSTER",550
"T칮YSTRUP",430
"MOI, LUND",NA
"GERSTETTEN",NA
"NINGBO,ZHEJIANG PR",NA
"VIENTIACE",NA
"L칬VESTAD",NA
"V췃GGERL칮SE",376
"VIBY SJ췃LLAND",265
"GR췃STED",270
"LES ARCS SUR ARGENS  FRANCE",NA
"0",657
"GALMSB칲LL",NA
"GODTH친B",NA
"STEINSEL",NA
"LANGELUND",630
